{
    "1": {
        "x": [
            0.2,
            0.1,
            0.05,
            0.025,
            0.0125
        ],
        "y": [
            0.2191380870957236,
            0.06124448600941748,
            0.015541161193728632,
            0.00386747714487773,
            0.0009622503785364759
        ]
    },
    "2": {
        "x": [
            0.2,
            0.1,
            0.05,
            0.025,
            0.0125
        ],
        "y": [
            0.02176224738180279,
            0.003220254561245748,
            0.0005550454645426665,
            0.00010603009812140236,
            2.1177301349302266e-05
        ]
    },
    "3": {
        "x": [
            0.2,
            0.1,
            0.05,
            0.025,
            0.0125
        ],
        "y": [
            0.0015905230645038135,
            0.00010751401236666542,
            8.249835765201434e-06,
            5.93193922755317e-07,
            3.134759336218318e-08
        ]
    },
    "4": {
        "x": [
            0.2,
            0.1,
            0.05,
            0.025,
            0.0125
        ],
        "y": [
            0.0001378189855612484,
            6.86224122984476e-06,
            3.436712797091028e-07,
            1.752666986591755e-08,
            8.651974322961766e-10
        ]
    },
    "5": {
        "x": [
            0.2,
            0.1,
            0.05,
            0.025,
            0.0125
        ],
        "y": [
            1.2851141475507968e-05,
            2.3856233929567665e-07,
            4.272563212057581e-09,
            6.514708881178222e-11,
            9.883413557278618e-13
        ]
    }
}